short_filename;file_ext
rlEstabCentralReg;csv
rlEstabColetaSelRejeito;csv
rlEstabComplementar;csv
rlEstabEquipamento;csv
rlEstabEquipeProf;csv
rlEstabInstFisiAssist;csv
rlEstabServClass;csv
rlEstabSubTipo;csv
rlEstabAtendPrestConv;csv
tbAtividade;csv
tbAtividadeEnsino;csv
tbAtividadeProfissional;csv
tbClassificacaoServico;csv
tbColetaSeletivaRejeito;csv
tbConvenio;csv
tbDadosProfissionalSus;csv
tbEquipamento;csv
tbEquipe;csv
tbEstabAtivSecundaria;csv
tbEstabelecimento;csv
tbGrupoAtividade;csv
tbInstalFisicaParaAssist;csv
tbLeito;csv
tbNaturezaJuridica;csv
tbServicoEspecializado;csv
tbSubTipo;csv
tbTipoEquipamento;csv
tbTipoEstabelecimento;csv
tbTipoUnidade;csv
tbAtendimentoPrestado;csv